run_id	pr	created_at	job	ai_review_step	plan_step	diff_bytes	class	cost_bucket
34024814196	211	2026-09-06T09:29:54Z	success	success	skipped	859	observed	247
34159241204	212	2026-09-07T20:23:48Z	success	success	success	2957	observed+plan	247
34266753175	214	2026-09-08T19:03:50Z	success	success	success	326616	observed+plan	269
34267144885	214	2026-09-08T19:07:49Z	success	success	success	326601	observed+plan	269
34269279441	214	2026-09-08T19:29:41Z	failure	failure	success	326305	observed+plan	269
34277863090	215	2026-09-08T20:58:13Z	cancelled	-	-	-	job-level-skip	-
34277863262	215	2026-09-08T20:58:13Z	failure	failure	success	89623	observed+plan	269
34280161446	216	2026-09-08T21:21:47Z	success	success	skipped	590	observed	247
34394602526	217	2026-09-09T19:21:48Z	success	success	skipped	28509	observed	247
34534771623	218	2026-09-10T21:55:29Z	success	success	skipped	5678	observed	247
34643792680	219	2026-09-11T20:21:37Z	success	success	skipped	9248	observed	247
34644746424	220	2026-09-11T20:32:19Z	success	success	skipped	16699	observed	247
34645887071	221	2026-09-11T20:45:27Z	success	success	skipped	7027	observed	247
34696908124	222	2026-09-12T13:36:44Z	success	success	skipped	2341	observed	247
34754304991	223	2026-09-13T11:23:16Z	success	success	skipped	14244	observed	247
34755850281	224	2026-09-13T11:59:18Z	success	success	skipped	11303	observed	247
34761328521	225	2026-09-13T13:58:43Z	success	success	skipped	11303	observed	247
34765647405	226	2026-09-13T15:27:20Z	success	success	skipped	3356	observed	247
34766541204	226	2026-09-13T15:45:17Z	success	success	skipped	11303	observed	247
34776893492	227	2026-09-13T19:10:49Z	success	success	skipped	24802	observed	247
34778062931	228	2026-09-13T19:33:41Z	success	success	skipped	8365	observed	247
34778137106	229	2026-09-13T19:35:07Z	success	success	skipped	3407	observed	247
34778365620	229	2026-09-13T19:39:30Z	success	success	skipped	3407	observed	247
34779705908	230	2026-09-13T20:06:01Z	success	success	skipped	17452	observed	247
34780269322	231	2026-09-13T20:16:45Z	success	success	skipped	4390	observed	247
34783469218	232	2026-09-13T21:19:27Z	success	success	skipped	9684	observed	247
35512300004	233	2026-09-20T13:01:44Z	failure	failure	skipped	11303	observed	247
35524527921	234	2026-09-20T17:01:23Z	failure	failure	skipped	140095	observed	269
35532488915	236	2026-09-20T19:30:01Z	failure	failure	skipped	24758	observed	247
35533002936	236	2026-09-20T19:39:12Z	failure	failure	skipped	86627	observed	269
35534422541	237	2026-09-20T20:05:38Z	failure	failure	skipped	3381	observed	247
35534837157	237	2026-09-20T20:13:19Z	failure	failure	skipped	4125	observed	247
35535810623	237	2026-09-20T20:31:16Z	failure	failure	skipped	4125	observed	247
35638788130	239	2026-09-21T18:30:13Z	success	skipped	success	-	docs-only-skip	-
35646131583	239	2026-09-21T19:38:56Z	success	skipped	success	-	docs-only-skip	-
35646200642	239	2026-09-21T19:39:35Z	failure	failure	success	587	observed+plan	247
35646577965	239	2026-09-21T19:43:12Z	cancelled	failure	success	587	observed+plan	247
35646623097	239	2026-09-21T19:43:39Z	failure	failure	success	587	observed+plan	247
35647763451	239	2026-09-21T19:54:42Z	failure	failure	success	587	observed+plan	247
35648540816	239	2026-09-21T20:02:07Z	success	skipped	success	-	docs-only-skip	-
35655512253	239	2026-09-21T21:09:36Z	success	skipped	success	-	docs-only-skip	-
35655839355	239	2026-09-21T21:12:56Z	success	skipped	success	-	docs-only-skip	-
35658349725	240	2026-09-21T21:38:33Z	failure	failure	success	18733	observed+plan	247
35659034769	240	2026-09-21T21:45:46Z	failure	failure	success	18733	observed+plan	247
35659916148	240	2026-09-21T21:55:26Z	failure	failure	success	18718	observed+plan	247
35770843513	241	2026-09-22T18:59:34Z	success	skipped	success	-	docs-only-skip	-
35772937454	242	2026-09-22T19:18:29Z	success	skipped	skipped	-	docs-only-skip	-
35776045743	243	2026-09-22T19:47:29Z	success	skipped	skipped	-	docs-only-skip	-
35779449730	244	2026-09-22T20:18:43Z	success	skipped	skipped	-	docs-only-skip	-
35781078482	245	2026-09-22T20:33:35Z	success	skipped	skipped	-	docs-only-skip	-
35908494480	246	2026-09-23T19:19:03Z	success	skipped	skipped	-	docs-only-skip	-
35909897958	247	2026-09-23T19:31:31Z	failure	failure	skipped	10838	observed	247
35912932895	248	2026-09-23T19:59:17Z	failure	failure	skipped	3549	observed	247
35917150627	249	2026-09-23T20:37:03Z	failure	failure	skipped	1090	observed	247
36045599518	250	2026-09-24T19:04:09Z	failure	failure	skipped	1508	observed	247
36059270910	251	2026-09-24T21:06:08Z	success	skipped	skipped	-	docs-only-skip	-
36060205878	252	2026-09-24T21:14:44Z	success	skipped	skipped	-	docs-only-skip	-
36061324624	253	2026-09-24T21:24:57Z	success	skipped	skipped	-	docs-only-skip	-
36062161458	254	2026-09-24T21:32:47Z	success	skipped	skipped	-	docs-only-skip	-
36240695610	255	2026-09-26T12:02:48Z	failure	failure	skipped	6434	observed	247
36242116671	255	2026-09-26T12:30:13Z	failure	failure	skipped	6434	observed	247
36242478689	255	2026-09-26T12:36:55Z	cancelled	cancelled	skipped	6857	observed	247
36242507054	255	2026-09-26T12:37:26Z	failure	failure	skipped	6434	observed	247
36243508851	256	2026-09-26T12:56:22Z	failure	failure	skipped	4544	observed	247
36243867994	256	2026-09-26T13:03:04Z	failure	failure	skipped	4544	observed	247
36261202490	257	2026-09-26T18:03:34Z	failure	failure	skipped	410	observed	247
36261669823	257	2026-09-26T18:11:38Z	failure	failure	skipped	410	observed	247
36262917582	258	2026-09-26T18:32:40Z	success	skipped	skipped	-	docs-only-skip	-
36263011818	257	2026-09-26T18:34:16Z	failure	failure	skipped	410	observed	247
36263808780	257	2026-09-26T18:47:52Z	failure	failure	skipped	410	observed	247
36264294148	259	2026-09-26T18:56:14Z	failure	failure	skipped	1837	observed	247
36264351600	259	2026-09-26T18:57:18Z	failure	failure	skipped	1837	observed	247
36265242183	260	2026-09-26T19:12:33Z	success	skipped	skipped	-	docs-only-skip	-
36266954972	261	2026-09-26T19:42:05Z	success	skipped	skipped	-	docs-only-skip	-
36268168309	262	2026-09-26T20:03:17Z	success	skipped	skipped	-	docs-only-skip	-
36268905342	263	2026-09-26T20:15:47Z	failure	failure	skipped	329	observed	247
36269734367	264	2026-09-26T20:30:03Z	failure	failure	skipped	845	observed	247
36273972778	265	2026-09-26T21:44:42Z	failure	failure	skipped	2674	observed	247
36274608130	265	2026-09-26T21:56:16Z	failure	failure	skipped	50601	observed	269
36275125947	266	2026-09-26T22:05:29Z	success	skipped	skipped	-	docs-only-skip	-
36275579528	267	2026-09-26T22:13:41Z	success	skipped	skipped	-	docs-only-skip	-
36276251984	268	2026-09-26T22:25:56Z	success	skipped	skipped	-	docs-only-skip	-
36469048792	269	2026-09-28T18:59:13Z	failure	failure	success	65455	observed+plan	269
36470081514	270	2026-09-28T19:07:55Z	success	skipped	skipped	-	docs-only-skip	-
36470506709	270	2026-09-28T19:11:34Z	success	skipped	skipped	-	docs-only-skip	-
36473236863	272	2026-09-28T19:35:02Z	success	skipped	skipped	-	docs-only-skip	-
36474356961	273	2026-09-28T19:44:51Z	success	skipped	skipped	-	docs-only-skip	-
37139354707	274	2026-10-03T17:07:30Z	failure	failure	skipped	1799	observed	247
37157600685	275	2026-10-03T22:11:52Z	skipped	-	-	-	job-level-skip	-
37222393363	276	2026-10-04T17:55:55Z	skipped	-	-	-	job-level-skip	-
